,epoch,train_epoch_loss_avg_over_batch,clean_test_loss_avg_over_batch,bd_test_loss_avg_over_batch,test_acc,test_asr,test_ra
0,1,1.4083136884147858,1.1705027139639552,5.783184461190667,0.5999,0.054,0.5962222222222222
1,2,0.9114227057113062,0.9292726773249952,8.814847435749753,0.6885,0.004222222222222222,0.711
2,3,0.9367521817574416,1.0621945873091492,0.11667918240730192,0.6423,0.9613333333333334,0.03688888888888889
3,4,0.6223492482891473,1.2868912461437756,0.059034302476531186,0.5825,0.9795555555555555,0.020444444444444446
4,5,0.525918271459277,1.2209471034098276,0.01252594472460029,0.5841,0.9965555555555555,0.0034444444444444444
5,6,0.4619125909817493,1.106493306310871,0.0046563782945642585,0.6239,0.9993333333333333,0.0006666666666666666
6,7,0.4238780827625938,1.0685758009741577,0.015807995648110206,0.6392,0.9948888888888889,0.005111111111111111
7,8,0.3825020098015475,0.8482722549498836,0.012812021313051522,0.719,0.9975555555555555,0.0023333333333333335
8,9,0.35647583770020236,0.827144179917589,0.062176608126348176,0.7259,0.9803333333333333,0.019222222222222224
9,10,0.32712129204322005,0.9179157199738901,0.08264976432940489,0.6844,0.9708888888888889,0.028555555555555556
10,11,0.3063439941391006,1.0803764266303824,0.017444011663467113,0.6627,0.996,0.0038888888888888888
11,12,0.2830428707096583,0.6995605924461461,0.023495826096287076,0.7733,0.9944444444444445,0.005555555555555556
12,13,0.27032918987981497,0.9752058145366137,0.05763608306436471,0.6788,0.9816666666666667,0.016888888888888887
13,14,0.25407362746460666,0.6398085744320592,0.055186185959569166,0.7804,0.9812222222222222,0.018111111111111113
14,15,0.2374059660622226,0.8207366111912305,0.018831566940258507,0.7308,0.9956666666666667,0.004
15,16,0.22582208609108426,0.7924683060072646,0.11342416042593163,0.7462,0.9643333333333334,0.029111111111111112
16,17,0.20950157547850742,0.9722479551653319,0.026879133341807714,0.7103,0.9902222222222222,0.009777777777777778
17,18,0.20268171332071505,0.8764133211932604,0.05034057006344829,0.7319,0.9834444444444445,0.016444444444444446
18,19,0.19153800614349678,0.6145779162268096,0.0644283273427839,0.7998,0.981,0.01633333333333333
19,20,0.18127895280947465,0.6471831783463683,0.01562253690757592,0.7943,0.9966666666666667,0.0033333333333333335
20,21,0.16863414887195963,0.62783394018306,0.008989235523983206,0.8035,0.998,0.002
21,22,0.15869223671343624,0.5199253628902798,0.1658444808612407,0.8381,0.9424444444444444,0.05522222222222222
22,23,0.1553928124172913,0.5800280386134039,0.031238960954819768,0.8192,0.9896666666666667,0.009222222222222222
23,24,0.14626457178226823,0.7066422221781332,0.029526823790560305,0.7847,0.9913333333333333,0.008333333333333333
24,25,0.1365301825506303,0.7044383913655824,0.09626288447056858,0.7931,0.9671111111111111,0.03144444444444444
25,26,0.12723754932317893,0.7855519663683975,0.03689625095182531,0.7695,0.9888888888888889,0.010888888888888889
26,27,0.12326409858282265,0.772594617137426,0.032603720714613586,0.7715,0.989,0.009444444444444445
27,28,0.11725802784380705,0.7394898348971258,0.03718928466747764,0.7906,0.99,0.009777777777777778
28,29,0.10725903648244756,0.8215970193283467,0.04209098104439991,0.7713,0.9873333333333333,0.010222222222222223
29,30,0.10312489216761364,0.7582090919530844,0.08048010045583819,0.7874,0.9717777777777777,0.023
30,31,0.10323259837525275,0.6128050492534155,0.16535749559251356,0.825,0.9428888888888889,0.049777777777777775
31,32,0.09111238810736352,0.6794209759446639,0.021800348522062873,0.8059,0.9925555555555555,0.007222222222222222
32,33,0.09127150146800386,0.6159830587574199,0.025053428840154494,0.8314,0.992,0.005666666666666667
33,34,0.08603525771271162,0.7632506655741341,0.038971626855642864,0.7849,0.9884444444444445,0.008666666666666666
34,35,0.0806416878310006,0.595350089706952,0.04636971266861533,0.8394,0.9848888888888889,0.015
35,36,0.07811259554789575,0.5647979710675493,0.0950491168129612,0.8463,0.9645555555555556,0.030666666666666665
36,37,0.0722169147297035,0.8016280128231531,0.027536802603797594,0.7888,0.9913333333333333,0.008444444444444444
37,38,0.0641732933428472,0.663260436510738,0.055995941030937184,0.8282,0.9803333333333333,0.019444444444444445
38,39,0.06595007098420426,0.6382653335981732,0.07959436622618789,0.8305,0.9754444444444444,0.021666666666666667
39,40,0.05945078307367347,0.5047880831775786,0.20753083755852472,0.8646,0.9317777777777778,0.06677777777777778
40,41,0.05868104503482885,0.6291846172719062,0.07023739032972028,0.8306,0.976,0.023
41,42,0.05129996755236612,0.5361288501114785,0.041841298617212704,0.8585,0.9865555555555555,0.012777777777777779
42,43,0.04652887275275748,0.4878535800719563,0.17722565229509918,0.8763,0.9432222222222222,0.05577777777777778
43,44,0.042369553079719055,0.6719611351248584,0.015639472162534654,0.8454,0.9955555555555555,0.0044444444444444444
44,45,0.043536382975042476,0.5180986685843407,0.02367747287777528,0.8634,0.9907777777777778,0.009111111111111111
45,46,0.03783116870157211,0.6500771192810203,0.07311247323285526,0.8425,0.974,0.025
46,47,0.037655212539498266,0.6774688527176652,0.03277872494933471,0.8411,0.99,0.009777777777777778
47,48,0.03437412923673534,0.5474483989462068,0.10218074193722765,0.8676,0.9636666666666667,0.030111111111111113
48,49,0.029193200365416325,0.5870162099599838,0.16470706169034394,0.862,0.9385555555555556,0.05566666666666667
49,50,0.03453924055711445,0.6782475132730943,0.023072801543478395,0.8325,0.992,0.008
50,51,0.02851342664235998,0.6600478457499154,0.06735958757115082,0.8468,0.9781111111111112,0.021444444444444443
51,52,0.02525853712881065,0.7593933690952349,0.030293717035945033,0.8279,0.991,0.008888888888888889
52,53,0.025070276449594045,0.7803826773468452,0.03253965410338321,0.8253,0.9902222222222222,0.009777777777777778
53,54,0.019566127130061464,0.7145120316668402,0.02142705917227226,0.8456,0.9937777777777778,0.006222222222222222
54,55,0.01830605196129695,0.5980177544340303,0.06926825584869989,0.856,0.9767777777777777,0.02288888888888889
55,56,0.015228897500473558,0.5651118442227568,0.037830464240216036,0.865,0.9874444444444445,0.012555555555555556
56,57,0.015012740302542725,0.7607765752303449,0.005646539802833552,0.8339,0.9994444444444445,0.0005555555555555556
57,58,0.011970266319431431,0.7721066025993492,0.015590068110277955,0.8344,0.9965555555555555,0.0034444444444444444
58,59,0.009962919427652407,0.8006051367596735,0.009994009909757845,0.8249,0.9986666666666667,0.0013333333333333333
59,60,0.00881543457585499,0.6972203281106828,0.008233862456826257,0.8467,0.999,0.001
60,61,0.007397350296616326,0.590985125190095,0.007359292463097774,0.8642,0.9995555555555555,0.00044444444444444447
61,62,0.006186343126577776,0.6063640855158432,0.014343675317793665,0.8589,0.9978888888888889,0.002
62,63,0.006415627743450977,0.6026422356880163,0.017162233505817786,0.8602,0.9965555555555555,0.0032222222222222222
63,64,0.006571969050658591,0.6900707332393791,0.023610111601440838,0.8455,0.9946666666666667,0.005333333333333333
64,65,0.005210061897160462,0.6480792296838157,0.011543027564725826,0.8521,0.9984444444444445,0.0015555555555555555
65,66,0.0038606553560133565,0.6614945327179341,0.008409168266258399,0.848,0.9994444444444445,0.0005555555555555556
66,67,0.003205626853220665,0.6119648795339125,0.008924667474249718,0.8631,0.9993333333333333,0.0006666666666666666
67,68,0.003017391300732818,0.7104792308203781,0.008021681677733719,0.8421,0.9991111111111111,0.0008888888888888889
68,69,0.002879219788946616,0.6224224046815799,0.0054995060675370865,0.8587,0.9997777777777778,0.00022222222222222223
69,70,0.002304995247601148,0.6443591332888301,0.007270251210569076,0.8588,0.9998888888888889,0.00011111111111111112
70,71,0.002508821816447422,0.6143287193926075,0.007606043978791002,0.859,0.9997777777777778,0.00022222222222222223
71,72,0.0020541077434836205,0.644008234709124,0.006049390282140861,0.853,0.9998888888888889,0.00011111111111111112
72,73,0.0020602849304534334,0.6610414012323452,0.0054915564456088865,0.8507,0.9997777777777778,0.00022222222222222223
73,74,0.0019400320787731882,0.6412819220295435,0.005092409049147662,0.8538,0.9998888888888889,0.00011111111111111112
74,75,0.001740851619555091,0.6817653579047963,0.004531493771191634,0.8485,0.9998888888888889,0.00011111111111111112
75,76,0.0017508696370577687,0.6820216590090643,0.0038735817717781788,0.8462,1.0,0.0
76,77,0.001605974623489508,0.6816571977319597,0.003962918994685923,0.8482,1.0,0.0
77,78,0.0014276713911218265,0.6836211500288565,0.0037910616497548533,0.8471,1.0,0.0
78,79,0.0014453425497972451,0.689389349161824,0.003100809487055095,0.8427,1.0,0.0
79,80,0.001639046631899336,0.6626620254939115,0.0037813210945156677,0.8501,1.0,0.0
80,81,0.0015130556108730146,0.6629895243463637,0.003750857241241865,0.8497,1.0,0.0
81,82,0.0012779144754903058,0.6785499461089508,0.0033862733570727663,0.846,1.0,0.0
82,83,0.0014317731819692594,0.6700097258332409,0.0034778216578276225,0.8464,1.0,0.0
83,84,0.0013495148314386987,0.6952761415439316,0.00259472872950399,0.8419,1.0,0.0
84,85,0.0012508267919724102,0.67802653320228,0.003096382914137253,0.8468,1.0,0.0
85,86,0.00133924880951537,0.6725405220743976,0.0033876839254549903,0.8476,1.0,0.0
86,87,0.0012565990566419524,0.6593162353280224,0.0033359819806744935,0.8506,1.0,0.0
87,88,0.0011762990964986884,0.6912189971042585,0.002993847023774411,0.8444,1.0,0.0
88,89,0.0012766879643379089,0.6866838124733937,0.002749802926752034,0.8449,1.0,0.0
89,90,0.0012377337888305974,0.6863456421260592,0.002853737470142963,0.8448,1.0,0.0
90,91,0.0012339002437829433,0.7014698344695417,0.003027770551852882,0.8422,1.0,0.0
91,92,0.0011932643584768904,0.6960989123658289,0.0030139300982061196,0.8428,1.0,0.0
92,93,0.001138479235302776,0.6700729561757438,0.0031647224153037853,0.8468,1.0,0.0
93,94,0.0011842774701854952,0.6588278344914883,0.003193018402130356,0.8497,1.0,0.0
94,95,0.001093477286580626,0.7124816662148584,0.0025869756035218146,0.8405,1.0,0.0
95,96,0.0013025448025401343,0.6839767022977902,0.0028847995850349397,0.8457,1.0,0.0
96,97,0.001118150194916312,0.6745315552512302,0.0028945864161843775,0.8466,1.0,0.0
97,98,0.0012050780157000065,0.6785810333264025,0.0028715848260309914,0.8461,1.0,0.0
98,99,0.001075803639453269,0.6701333315312108,0.0030188313390220136,0.847,1.0,0.0
99,100,0.0011748805806404599,0.6928849616382695,0.0028495140649168423,0.8452,1.0,0.0
